Tech Site,Node,Tech,Cap
1,n4,t1,9623.214924100737
2,n5,t1,15000.000150017251
